{
  "name": "create-the-server:dsms/no_treasure",
  "elements": [
    {
      "element": {
        "element_type": "minecraft:single_pool_element",
        "location": "create-the-server:dsms/hall_end",
        "processors": "minecraft:empty",
        "projection": "rigid"
      },
      "weight": 1
    },
    {
      "element": {
        "element_type": "minecraft:single_pool_element",
        "location": "create-the-server:dsms/hall_deadly",
        "processors": "minecraft:empty",
        "projection": "rigid"
      },
      "weight": 1
    },
    {
      "element": {
        "element_type": "minecraft:single_pool_element",
        "location": "create-the-server:dsms/turn_v1",
        "processors": "minecraft:empty",
        "projection": "rigid"
      },
      "weight": 1
    },
    {
      "element": {
        "element_type": "minecraft:single_pool_element",
        "location": "create-the-server:dsms/turn_v2",
        "processors": "minecraft:empty",
        "projection": "rigid"
      },
      "weight": 1
    },
    {
      "element": {
        "element_type": "minecraft:single_pool_element",
        "location": "create-the-server:dsms/vertical",
        "processors": "minecraft:empty",
        "projection": "rigid"
      },
      "weight": 1
    },
    {
      "element": {
        "element_type": "minecraft:single_pool_element",
        "location": "create-the-server:dsms/hall_spawner",
        "processors": "minecraft:empty",
        "projection": "rigid"
      },
      "weight": 1
    },
    {
      "element": {
        "element_type": "minecraft:single_pool_element",
        "location": "create-the-server:dsms/hall_collapsed",
        "processors": "minecraft:empty",
        "projection": "rigid"
      },
      "weight": 1
    }
  ],
  "fallback": "create-the-server:dsms/rooms_turn"
}