{
  "name": "create-the-server:dsms/rooms_end",
  "elements": [
    {
      "element": {
        "element_type": "minecraft:single_pool_element",
        "location": "create-the-server:dsms/copper_trapped_end",
        "processors": "minecraft:empty",
        "projection": "rigid"
      },
      "weight": 1
    },
    {
      "element": {
        "element_type": "minecraft:single_pool_element",
        "location": "create-the-server:dsms/iron_end",
        "processors": "minecraft:empty",
        "projection": "rigid"
      },
      "weight": 1
    },
    {
      "element": {
        "element_type": "minecraft:single_pool_element",
        "location": "create-the-server:dsms/hall_end",
        "processors": "minecraft:empty",
        "projection": "rigid"
      },
      "weight": 1
    }
  ],
  "fallback": "create-the-server:dsms/rooms_turn"
}